<?xml version="1.0" encoding="UTF-8"?>
<project-private xmlns="http://www.netbeans.org/ns/project-private/1">
    <editor-bookmarks xmlns="http://www.netbeans.org/ns/editor-bookmarks/2" lastBookmarkId="0"/>
    <open-files xmlns="http://www.netbeans.org/ns/projectui-open-files/2">
        <group>
            <file>file:/C:/Users/tr79w/OneDrive/Documents/NetBeansProjects/CIS2087FinalProject_1_1_1/CIS2087FinalProject_1_1_1_1/src/cis2087finalproject/FXMLDocumentController.java</file>
            <file>file:/C:/Users/tr79w/OneDrive/Documents/NetBeansProjects/CIS2087FinalProject_1_1_1/CIS2087FinalProject_1_1_1_1/src/cis2087finalproject/CIS2087FinalProject.java</file>
            <file>file:/C:/Users/tr79w/OneDrive/Documents/NetBeansProjects/CIS2087FinalProject_1_1_1/CIS2087FinalProject_1_1_1_1/src/cis2087finalproject/Slip.java</file>
            <file>file:/C:/Users/tr79w/OneDrive/Documents/NetBeansProjects/CIS2087FinalProject_1_1_1/CIS2087FinalProject_1_1_1_1/src/cis2087finalproject/FXMLDocumentController_1.java</file>
        </group>
    </open-files>
</project-private>
